

 ___________________________________________________
|													|
|				PROVEEDORES							|
|___________________________________________________|
INSERT INTO proveedores VALUES('a4236987', 'priveedor2', 'direccion', '1emadil@email.com', '694563215', 'alejandra' );
INSERT INTO proveedores VALUES('a4236187', 'priveedor3', 'direccion', 'e1adil@email.com', '694563215', 'alejandra' );
INSERT INTO proveedores VALUES('a4236287', 'priveedor4', 'direccion', 'mad1il@email.com', '694563215', 'alejandra' );
INSERT INTO proveedores VALUES('a4236387', 'priveedor5', 'direccion', 'qemad1il@email.com', '694563215', 'alejandra' );
INSERT INTO proveedores VALUES('a4236487', 'priveedor6', 'direccion', 'e4m1adil@email.com', '694563215', 'alejandra' );
INSERT INTO proveedores VALUES('a4236587', 'priveedor7', 'direccion', 'emad1il@emil.com', '694563215', 'alejandra' );
INSERT INTO proveedores VALUES('a4236687', 'priveedor8', 'direccion', 'em5adil@email.com', '694563215', 'alejandra' );
INSERT INTO proveedores VALUES('a4236787', 'priveedor9', 'direccion', 'em5adil@eail.com', '694563215', 'alejandra' );
INSERT INTO proveedores VALUES('A0000001', 'priveedor01', 'direccion', 'em1adil@em4ail.com', '694563215', 'alejandra' );
INSERT INTO proveedores VALUES('A0000002', 'priveedor02', 'direccion', 'emadil@email.com', '694563215', 'alejandra' );
INSERT INTO proveedores VALUES('A0000003', 'priveedor03', 'direccion', 'e5a6dil@email.com', '694563215', 'alejandra' );
INSERT INTO proveedores VALUES('A0000004', 'priveedor04', 'direccion', 'madil@ema6il.com', '694563215', 'alejandra' );
INSERT INTO proveedores VALUES('A0000005', 'priveedor05', 'direccion', 'qemadil@6email.com', '694563215', 'alejandra' );
INSERT INTO proveedores VALUES('A0000006', 'priveedor06', 'direccion', 'e4madil@e6mail.com', '694563215', 'alejandra' );
INSERT INTO proveedores VALUES('A0000007', 'priveedor07', 'direccion', 'emadil@emil6.com', '694563215', 'alejandra' );
INSERT INTO proveedores VALUES('A0000008', 'priveedor08', 'direccion', 'emadil@em7a6il.com', '694563215', 'alejandra' );
INSERT INTO proveedores VALUES('A0000009', 'priveedor09', 'direccion', 'emadil@e8ail.com', '694563215', 'alejandra' );
INSERT INTO proveedores VALUES('A0000010', 'priveedor001', 'direccion', 'emadil@eÇm84ail.com', '694563215', 'alejandra' );

 ___________________________________________________
|													|
|				PRODUCTOS EXTERNOS					|
|___________________________________________________|
INSERT INTO productos_externos VALUES('PE001','a4236987','LEGIA', 'PRODUCTO DE LIMPIEZA', 15);
INSERT INTO productos_externos VALUES('PE002','a4236987','AGUARRAS', 'PRODUCTO DE LIMPIEZA', 10);
INSERT INTO productos_externos VALUES('PE003','a4236687','cpbertura chicolate', 'PRODUCTO DE cocina', 15);
INSERT INTO productos_externos VALUES('PE004','a4236387','papel', 'PRODUCTO DE papelearia', 15);
INSERT INTO productos_externos VALUES('PE005','a4236987','mopa', 'PRODUCTO DE uso comun', 15);
 INSERT INTO productos_externos VALUES('PE006','a4236987','AGUARRAS', 'PRODUCTO DE LIMPIEZA', 10);
INSERT INTO productos_externos VALUES('PE0007','a4236687','cpbertura chicolate', 'PRODUCTO DE cocina', 15);
INSERT INTO productos_externos VALUES('PE008','a4236387','papel', 'PRODUCTO DE papelearia', 15);
INSERT INTO productos_externos VALUES('PE009','a4236987','mopa', 'PRODUCTO DE uso comun', 15);
 INSERT INTO productos_externos VALUES('PE010','a4236987','AGUARRAS', 'PRODUCTO DE LIMPIEZA', 10);
INSERT INTO productos_externos VALUES('PE011','a4236687','cpbertura chicolate', 'PRODUCTO DE cocina', 15);
INSERT INTO productos_externos VALUES('PE012','a4236387','papel', 'PRODUCTO DE papelearia', 15);
INSERT INTO productos_externos VALUES('PE013','a4236987','mopa', 'PRODUCTO DE uso comun', 15);
 INSERT INTO productos_externos VALUES('PE014','a4236987','AGUARRAS', 'PRODUCTO DE LIMPIEZA', 10);
INSERT INTO productos_externos VALUES('PE015','a4236687','cpbertura chicolate', 'PRODUCTO DE cocina', 15);
INSERT INTO productos_externos VALUES('PE016','a4236387','papel', 'PRODUCTO DE papelearia', 15);
INSERT INTO productos_externos VALUES('PE017','a4236987','mopa', 'PRODUCTO DE uso comun', 15);
 INSERT INTO productos_externos VALUES('PE018','a4236987','AGUARRAS', 'PRODUCTO DE LIMPIEZA', 10);
INSERT INTO productos_externos VALUES('PE0019','a4236687','cpbertura chicolate', 'PRODUCTO DE cocina', 15);
INSERT INTO productos_externos VALUES('PE0020','a4236387','papel', 'PRODUCTO DE papelearia', 15);
INSERT INTO productos_externos VALUES('PE021','a4236987','mopa', 'PRODUCTO DE uso comun', 15);
 
 ___________________________________________________
|													|
|				SERVICIOS							|
|___________________________________________________|

INSERT INTO servicios VALUES ('CUSC001', NULL,'TARTA DE LUNES', 'TARTA DE LUNES', 25);
INSERT INTO servicios VALUES ('CUSC002', NULL,'TARTA DE FRESA', 'TARTA DE FRESA', 25);
INSERT INTO servicios VALUES ('CUSC003', NULL,'TARTA DE MANGO', 'TARTA DE MANGO', 25);
INSERT INTO servicios VALUES ('CUSC004', NULL,'TARTA DE LECHE', 'TARTA DE LECHE', 25);
INSERT INTO servicios VALUES ('CUSC005', 'PE021','TARTA DE CHOCHOLATE', 'TARTA DE CHOCHOLATE', 25);
INSERT INTO servicios VALUES ('CUSC006', 'PE016','TARTA DE ARANDANO', 'TARTA DE ARANDANO', 25);
INSERT INTO servicios VALUES ('CUSC007', NULL,'TARTA DE PLATANO', 'TARTA DE PLATANO', 25);
INSERT INTO servicios VALUES ('CUSC008', NULL,'TARTA DE ARROZ', 'TARTA DE ARROZ', 25);
INSERT INTO servicios VALUES ('CUSC009', NULL,'TARTA DE LUNES DOBLE', 'TARTA DE LUNES DOBLE', 25);
INSERT INTO servicios VALUES ('CUSC010', 'PE009','TARTA DE WISKY', 'TARTA DE WISKY', 25);
INSERT INTO servicios VALUES ('CUSC011', NULL,'TARTA DE SANDIA', 'TARTA DE SANDIA', 25);
INSERT INTO servicios VALUES ('CUSC013', NULL,'TARTA DE ESPECIA', 'TARTA DE ESPECIA', 25);
INSERT INTO servicios VALUES ('CUSC014', NULL,'TARTA DE CHOCOLATE BLANCO', 'TARTA DE CHOCOLATE BLANCO', 25);
INSERT INTO servicios VALUES ('CUSC015', NULL,'TARTA DE LUCES', 'TARTA DE LUCES', 25);
INSERT INTO servicios VALUES ('CUSC016', 'PE003','TARTA DE FESTIVIVDAD', 'TARTA DE FESTIVIVDAD', 25);
INSERT INTO servicios VALUES ('CUSC017', NULL,'TARTA DE LUXE', 'TARTA DE LUXE', 25);
INSERT INTO servicios VALUES ('CUSC018', 'PE008','TARTA DE LUNES', 'TARTA DE LUNES', 25);



 ___________________________________________________
|													|
|				CLIENTES							|
|___________________________________________________|

INSERT INTO clientes VALUES ('G45123648', 'Encofrador Atures','c/ santo 12', 'maria @gmail.com', '632852369','maria o santos');
INSERT INTO clientes VALUES ('g00000001', 'Cocheras','c/ santo 12', 'alfons@gmail.com', '632852369','alfonso santos');
INSERT INTO clientes VALUES ('g00000002', 'Heladeros','c/ santo 12', 'alfons@gmail.com', '632852369','alfonso santos');
INSERT INTO clientes VALUES ('g00000003', 'computing','c/ santo 12', 'alfons@gmail.com', '632852369','alfonso santos');
INSERT INTO clientes VALUES ('g00000004', 'Bilogos','c/ santo 12', 'alfons@gmail.com', '632852369','alfonso santos');
INSERT INTO clientes VALUES ('g00000005', 'Zapatero rodrigue','c/ santo 12', 'alfons@gmail.com', '632852369','alfonso santos');
INSERT INTO clientes VALUES ('g00000006', 'Joyeria amanzon','c/ santo 12', 'alfons@gmail.com', '632852369','alfonso santos');
INSERT INTO clientes VALUES ('g00000007', 'Teletienda jaen','c/ santo 12', 'alfons@gmail.com', '632852369','alfonso santos');
INSERT INTO clientes VALUES ('g00000008', 'licoreria','c/ santo 12', 'alfons@gmail.com', '632852369','alfonso santos');
INSERT INTO clientes VALUES ('g00000009', 'libreria azul','c/ santo 12', 'alfons@gmail.com', '632852369','alfonso santos');
INSERT INTO clientes VALUES ('g00000010', 'staurante igo','c/ santo 12', 'alfons@gmail.com', '632852369','alfonso santos');
INSERT INTO clientes VALUES ('g00000011', 'juan tadeo','c/ santo 12', 'alfons@gmail.com', '632852369','alfonso santos');
INSERT INTO clientes VALUES ('g00000012', 'Vidreria moderna','c/ santo 12', 'alfons@gmail.com', '632852369','alfonso santos');
INSERT INTO clientes VALUES ('g00000013', 'la vida moderna','c/ santo 12', 'alfons@gmail.com', '632852369','alfonso santos');
INSERT INTO clientes VALUES ('g00000014', 'radio difusion','c/ santo 12', 'alfons@gmail.com', '632852369','alfonso santos');
INSERT INTO clientes VALUES ('g00000015', 'mas madera','c/ santo 12', 'alfons@gmail.com', '632852369','alfonso santos');
INSERT INTO clientes VALUES ('g00000016', 'makro','c/ santo 12', 'alfons@gmail.com', '632852369','alfonso santos');
INSERT INTO clientes VALUES ('g00000017', 'Gereton','c/ santo 12', 'alfons@gmail.com', '632852369','alfonso santos');
INSERT INTO clientes VALUES ('g00000018', 'Antonio agiles','c/ santo 12', 'alfons@gmail.com', '632852369','alfonso santos');
INSERT INTO clientes VALUES ('g00000019', 'maria prado','c/ santo 12', 'alfons@gmail.com', '632852369','alfonso santos');

 ___________________________________________________
|													|
|					PRESUPUESTO						|
|___________________________________________________|
INSERT INTO presupuestos (dniCliente, idEmpleado,precio) VALUES ( 'g00000003','CUED236', 255);
INSERT INTO presupuestos (dniCliente, idEmpleado,precio) VALUES ( 'g00000015','CUED582', 150);
INSERT INTO presupuestos (dniCliente, idEmpleado,precio) VALUES ( 'g00000014','CUED357', 156);
INSERT INTO presupuestos (dniCliente, idEmpleado,precio) VALUES ( 'g00000011','CUED483', 150);
INSERT INTO presupuestos (dniCliente, idEmpleado,precio) VALUES ( 'g00000014','CUED582', 150);
INSERT INTO presupuestos (dniCliente, idEmpleado,precio) VALUES ( 'g00000003','CUED582', 96);
INSERT INTO presupuestos (dniCliente, idEmpleado,precio) VALUES ( 'g00000002','CUED753', 85);
INSERT INTO presupuestos (dniCliente, idEmpleado,precio) VALUES ( 'g00000003','CUED357', 150);
INSERT INTO presupuestos (dniCliente, idEmpleado,precio) VALUES ( 'g00000012','CUED357', 150);
INSERT INTO presupuestos (dniCliente, idEmpleado,precio) VALUES ( 'g00000019','CUED753', 15);

 select * from presupuestos;
 
  idEmpleado | nombre    | apellido | dni       | email            | telefono  | direccion  | idGerente | usuario                                 | password |
+------------+-----------+----------+-----------+------------------+-----------+------------+-----------+-----------------------------------------+----------+
| CUED236    | Alejandro | Gomez    | 25363636a | alego@gmailcom   | 635289451 | c/turia 92 | CUGT180   | alejandro.gomez_ep@chocolates-union.com | password |
| CUED357    | juan      | Gomez    | 20000000b | jaungo@gmailcom  | 635289451 | c/turia 92 | CUGT180   | juan.gomez_ep@chocolates-union.com      | password |
| CUED483    | ana       | Gomez    | 50000000b | anago@gmailcom   | 635289451 | c/turia 92 | CUGT180   | ana.gomez_ep@chocolates-union.com       | password |
| CUED582    | camila    | Gomez    | 40000000b | camilao@gmailcom | 635289451 | c/turia 92 | CUGT180   | camila.gomez_ep@chocolates-union.com    | password |
| CUED747    | arturo    | soria    | f56789087 | arturo@gmail.com | NULL      | gil 99     | CUGT180   | arturo.soria_ep@chocolates-union.com    | password |
| CUED753    | pedro     | Gomez    | 10000000b | pedrogo@gmailcom | 634489451 | c/ofano 92 | CUGT180   | pedro.gomez_ep@chocolates-union.com     | password |
| CUED951    | julio     | Gomez    | 30000000b | juego@gmailcom   | 635289451 | c/turia 92 | CUGT180   | julio.gomez_ep@chocolates-union.com     | password |
+
         220020
 

 ___________________________________________________
|													|
|				FACTURAS							|
|___________________________________________________|



+---------------+-------------+------+-----+-------------------------+
| Field             | Type        | Null | Key | Default             |
+-------------------+-------------+------+-----+---------------------+
| idFacturas        | int(11)     | NO   | PRI | NULL                | 
| dni               | varchar(10) | NO   | MUL | NULL                |
| idEmpleado        | varchar(7)  | NO   | MUL | NULL                |
| idPresupuesto     | int(11)     | YES  | MUL | NULL                |
| precioTotalSinIva | int(11)     | NO   |     | NULL                |
| fechaCreacion     | date        | YES  |     | current_timestamp() |
+---------------+-------------+------+-----+-------------------------+

INSERT INTO facturas (dni, idEmpleado,precioTotalSinIva) 
VALUES ( 'g00000014','CUED357', 150);
INSERT INTO facturas (dni, idEmpleado,precioTotalSinIva) 
VALUES ( 'g00000012','CUED582', 150);
INSERT INTO facturas (dni, idEmpleado,precioTotalSinIva) 
VALUES ( 'g00000006','CUED483', 150);
INSERT INTO facturas (dni, idEmpleado,precioTotalSinIva) 
VALUES ( 'g00000014','CUED483', 150);
INSERT INTO facturas (dni, idEmpleado,precioTotalSinIva) 
VALUES ( 'g00000019','CUED236', 150);

+---------------+------------+------------+--------+---------------+
| idPresupuesto | dniCliente | idEmpleado | precio | fechaCreacion |
+---------------+------------+------------+--------+---------------+
|        220000 | g00000003  | CUED236    |    255 | 2022-06-05    |
|        220001 | g00000015  | CUED582    |    150 | 2022-06-05    |
|        220002 | g00000014  | CUED357    |    156 | 2022-06-05    |
|        220003 | g00000011  | CUED483    |    150 | 2022-06-05    |
|        220004 | g00000014  | CUED582    |    150 | 2022-06-05    |
|        220005 | g00000003  | CUED582    |     96 | 2022-06-05    |
|        220006 | g00000002  | CUED753    |     85 | 2022-06-05    |
|        220007 | g00000003  | CUED357    |    150 | 2022-06-05    |
|        220008 | g00000012  | CUED357    |    150 | 2022-06-05    |
|        220009 | g00000019  | CUED753    |     15 | 2022-06-05    |


INSERT INTO facturas (dni, idEmpleado, idPresupuesto, precioTotalSinIva) VALUES 
('g00000012','CUED357', 227012, 150);
INSERT INTO facturas (dni, idEmpleado, idPresupuesto, precioTotalSinIva) VALUES 
('g00000019','CUED753', 227011, 15);
INSERT INTO facturas (dni, idEmpleado, idPresupuesto, precioTotalSinIva) VALUES 
('g00000003','CUED236', 227009, 255);
INSERT INTO facturas (dni, idEmpleado, idPresupuesto, precioTotalSinIva) VALUES 
('g00000011','CUED483', 227018, 150);



|													|
|						FONDOS						|
|___________________________________________________|
					INGRESOS

INSERT INTO fondos (idFactura, ingresos)VALUES(220000,150);
INSERT INTO fondos (idFactura, ingresos)VALUES(220001,150);
INSERT INTO fondos (idFactura, ingresos)VALUES(220002,150);
INSERT INTO fondos (idFactura, ingresos)VALUES(220003,15);
INSERT INTO fondos (idFactura, ingresos)VALUES(220004,255);
INSERT INTO fondos (idFactura, ingresos)VALUES(220005,150);
INSERT INTO fondos (idFactura, ingresos)VALUES(220006,150);
INSERT INTO fondos (idFactura, ingresos)VALUES(220007,150);
INSERT INTO fondos (idFactura, ingresos)VALUES(220008,150);
INSERT INTO fondos (idFactura, ingresos)VALUES(220009,150);
INSERT INTO fondos (idFactura, ingresos)VALUES(220010,150);
					GASTOS
INSERT INTO FONDOS (idProducto, gastos) VALUES ( 'PE0007' , 15);
INSERT INTO FONDOS (idProducto, gastos) VALUES ( 'PE001' , 15);
INSERT INTO FONDOS (idProducto, gastos) VALUES ( 'PE0019' , 15);
INSERT INTO FONDOS (idProducto, gastos) VALUES ( 'PE002' , 10);
INSERT INTO FONDOS (idProducto, gastos) VALUES ( 'PE0020' , 15);
INSERT INTO FONDOS (idProducto, gastos) VALUES ( 'PE003' , 15);
INSERT INTO FONDOS (idProducto, gastos) VALUES ( 'PE004' , 15);
INSERT INTO FONDOS (idProducto, gastos) VALUES ( 'PE005' , 15);
INSERT INTO FONDOS (idProducto, gastos) VALUES ( 'PE006' , 10);
INSERT INTO FONDOS (idProducto, gastos) VALUES ( 'PE008' , 15);
INSERT INTO FONDOS (idProducto, gastos) VALUES ( 'PE009' , 15);
INSERT INTO FONDOS (idProducto, gastos) VALUES ( 'PE010' , 10);
INSERT INTO FONDOS (idProducto, gastos) VALUES ( 'PE011' , 15);
INSERT INTO FONDOS (idProducto, gastos) VALUES ( 'PE012' , 15);
INSERT INTO FONDOS (idProducto, gastos) VALUES ( 'PE013' , 15);
INSERT INTO FONDOS (idProducto, gastos) VALUES ( 'PE014' , 10);
INSERT INTO FONDOS (idProducto, gastos) VALUES ( 'PE015' , 15);
INSERT INTO FONDOS (idProducto, gastos) VALUES ( 'PE016' , 15);
INSERT INTO FONDOS (idProducto, gastos) VALUES ( 'PE017' , 15);
INSERT INTO FONDOS (idProducto, gastos) VALUES ( 'PE018' , 10);
INSERT INTO FONDOS (idProducto, gastos) VALUES ( 'PE021' , 15);

 ___________________________________________________
|													|
|				GERENTES							|
|___________________________________________________|
 ___________________________________________________
|													|
|				EMPLEADOS							|
|___________________________________________________|

INSERT INTO empleados VALUES ('CUED236','Alejandro', 'Gomez', '25363636a', 'alego@gmailcom', '635289451', 'c/turia 92', 'KVGT114', 'alejandro.gomez_ep@chocolates-union.com', 'password');
INSERT INTO empleados VALUES ('CUED753','pedro', 'Gomez', '10000000b', 'pedrogo@gmailcom', '634489451', 'c/ofano 92', 'KVGT114', 'pedro.gomez_ep@chocolates-union.com', 'password');
INSERT INTO empleados VALUES ('CUED357','juan', 'Gomez', '20000000b', 'jaungo@gmailcom', '635289451', 'c/turia 92', 'KVGT114', 'juan.gomez_ep@chocolates-union.com', 'password');
INSERT INTO empleados VALUES ('CUED951','julio', 'Gomez', '30000000b', 'juego@gmailcom', '635289451', 'c/turia 92', 'KVGT114', 'julio.gomez_ep@chocolates-union.com', 'password');
INSERT INTO empleados VALUES ('CUED582','camila', 'Gomez', '40000000b', 'camilao@gmailcom', '635289451', 'c/turia 92', 'KVGT114', 'camila.gomez_ep@chocolates-union.com', 'password');
INSERT INTO empleados VALUES ('CUED483','ana', 'Gomez', '50000000b', 'anago@gmailcom', '635289451', 'c/turia 92', 'KVGT114', 'ana.gomez_ep@chocolates-union.com', 'password');

INSERT INTO billmaker.empleados VALUES ('CUED236','Alejandro', 'Gomez', '25363636a', 'alego@gmailcom', '635289451', 'c/turia 92', 'KVGT114', 'alejandro.gomez_ep@chocolates-union.com', 'password');
INSERT INTO billmaker.empleados VALUES ('CUED753','pedro', 'Gomez', '10000000b', 'pedrogo@gmailcom', '634489451', 'c/ofano 92', 'KVGT114', 'pedro.gomez_ep@chocolates-union.com', 'password');
INSERT INTO billmaker.empleados VALUES ('CUED357','juan', 'Gomez', '20000000b', 'jaungo@gmailcom', '635289451', 'c/turia 92', 'KVGT114', 'juan.gomez_ep@chocolates-union.com', 'password');
INSERT INTO billmaker.empleados VALUES ('CUED951','julio', 'Gomez', '30000000b', 'juego@gmailcom', '635289451', 'c/turia 92', 'KVGT114', 'julio.gomez_ep@chocolates-union.com', 'password');
INSERT INTO billmaker.empleados VALUES ('CUED582','camila', 'Gomez', '40000000b', 'camilao@gmailcom', '635289451', 'c/turia 92', 'KVGT114', 'camila.gomez_ep@chocolates-union.com', 'password');
INSERT INTO billmaker.empleados VALUES ('CUED483','ana', 'Gomez', '50000000b', 'anago@gmailcom', '635289451', 'c/turia 92', 'KVGT114', 'ana.gomez_ep@chocolates-union.com', 'password');





INSERT INTO servicios 
VALUES (?, ?,?, ?, ?);

